name_of_audio,speaking_time
E2_P1.wav,25.026
E3_P1.wav,50.052
E2_P10.wav,25.026
E2_P11.wav,25.026
E3_P11.wav,50.052
E1_P12.wav,25.026
E2_P12.wav,50.052
E2_P13.wav,25.026
E3_P13.wav,50.052
E3_P15.wav,25.026
E2_P3.wav,25.026
E1_P4.wav,25.026
E2_P4.wav,50.052
E1_P5.wav,25.026
E2_P5.wav,50.052
E3_P5.wav,75.078
E1_P6.wav,25.026
E1_P7.wav,25.026
E1_P8.wav,25.026
E2_P8.wav,50.052
